{
    "RMSE": 0.6480280553080486,
    "MAE": 0.6598184353897109,
    "R_2": 0.00838218049366879
}